{"cameraMode":{"drawMode":0,"name":"Shaded","section":"Shading Mode"},"sceneLighting":true,"audioPlay":false,"sceneViewState":{"m_AlwaysRefresh":false,"showFog":true,"showSkybox":true,"showFlares":true,"showImageEffects":true,"showParticleSystems":true,"showVisualEffectGraphs":true,"m_FxEnabled":true},"in2DMode":false,"pivot":{"x":0.601428747177124,"y":-4.905345916748047,"z":0.5489206314086914},"rotation":{"x":-0.5013452768325806,"y":-0.020244605839252473,"z":0.011734960600733757,"w":-0.8649336695671082},"size":14.760991096496582,"orthographic":false}