{"cameraMode":{"drawMode":0,"name":"Shaded","section":"Shading Mode"},"sceneLighting":true,"audioPlay":false,"sceneViewState":{"m_AlwaysRefresh":false,"showFog":true,"showSkybox":true,"showFlares":true,"showImageEffects":true,"showParticleSystems":true,"showVisualEffectGraphs":true,"m_FxEnabled":true},"in2DMode":false,"pivot":{"x":9.617057800292969,"y":2.3519821166992189,"z":1.9563109874725342},"rotation":{"x":0.015853796154260637,"y":0.9814527630805969,"z":-0.16676603257656098,"w":0.09332358092069626},"size":0.6045758128166199,"orthographic":false}