{"cameraMode":{"drawMode":0,"name":"Shaded","section":"Shading Mode"},"sceneLighting":false,"audioPlay":false,"sceneViewState":{"m_AlwaysRefresh":false,"showFog":true,"showSkybox":false,"showFlares":true,"showImageEffects":true,"showParticleSystems":true,"showVisualEffectGraphs":true,"m_FxEnabled":true},"in2DMode":false,"pivot":{"x":0.2065701186656952,"y":1.7157045602798463,"z":0.08965957164764404},"rotation":{"x":-0.38912782073020937,"y":0.19711469113826753,"z":-0.08562681823968888,"w":-0.8957700729370117},"size":0.8660253882408142,"orthographic":false}