{"cameraMode":{"drawMode":0,"name":"Shaded","section":"Shading Mode"},"sceneLighting":false,"audioPlay":false,"sceneViewState":{"m_AlwaysRefresh":false,"showFog":true,"showSkybox":false,"showFlares":true,"showImageEffects":true,"showParticleSystems":true,"showVisualEffectGraphs":true,"m_FxEnabled":true},"in2DMode":false,"pivot":{"x":10.40772533416748,"y":2.1304938793182375,"z":0.6118595600128174},"rotation":{"x":0.01714523881673813,"y":0.9677541255950928,"z":-0.2417650818824768,"w":0.06863290071487427},"size":1.3029651641845704,"orthographic":false}